transaction_amount,device_change,merchant_risk,geo_velocity,hour_of_day
496.8412681640831,0,0.3773102456055724,144.9993686131067,17
1931.724513031919,0,0.6533665342092828,95.55661517517558,22
447.6398129844989,0,0.5630964932073134,-9.709593327471822,20
1580.0279818448012,0,0.104549090640388,134.1572606330367,17
1241.2198764672517,0,0.1377060879963941,-11.925931163603536,7
471.2242502675346,0,0.2251793647854277,124.90586620611737,14
1045.3954614750685,0,0.4346577081817508,61.61077367144724,12
823.9217972047084,0,0.544136098255753,115.12666569669278,12
1359.5872552095902,0,0.3299709756469814,13.377582605271698,15
1870.2252230115723,0,0.4034865581371327,138.55838163530734,21
262.41376517712774,0,0.1942499263977805,6.751262694755553,19
3166.150149730489,0,0.8598224027027848,330.95944359718857,12
1119.93360221668,0,0.5836640556767348,30.095268611548235,19
1535.670038225233,0,0.2342994664572987,-7.714242641124954,1
1306.5983141188449,0,0.3474129758002732,84.72637837942342,2
824.0153341305904,1,0.1430580552531869,170.30445589184808,14
1040.473032166691,0,0.3795683282314842,213.34526111600044,22
801.9870715982555,0,0.3513917209233402,84.85778935431239,18
1738.0035692992992,0,0.1722182420775388,135.8340637533761,12
1210.6558243359711,0,0.3210331065590375,91.60473189642686,4
2150.595342876504,1,0.2670523260432816,104.94415973841063,21
1169.6695930926896,0,0.3609154376525947,62.89256744363806,5
845.7966165447685,0,0.3928271677143996,89.7538462711301,13
443.1428036935864,1,0.1042477893036047,106.87393523032142,3
298.4301618720275,0,0.4805029914747777,51.07701355618343,21
407.9320284972552,0,0.4565071459308704,76.1252850053506,18
1333.5633255057417,0,0.2831431931032611,77.07849405012558,22
1454.362511614967,0,0.1264679677844091,121.32016586652622,6
409.40464898393327,1,0.4774662698925251,26.69839141861597,3
1647.5191570380578,1,0.5775875802390662,77.42288956961742,1
958.4694741582804,0,0.2200757980110071,175.6002734526349,6
1273.3965059927746,0,0.261762306868519,138.20300762929688,2
2006.110314127712,1,0.1919064447409074,147.45895244443523,14
1648.419657932766,0,0.3884680616724199,81.22159200890171,0
3825.475631574908,1,0.9722689022249592,415.330963717853,1
754.4038872923563,1,0.2780969717306897,130.11180833514626,9
124.09229933534743,0,0.4485065069671314,158.01277647654655,15
840.4233403787899,0,0.3800579915046742,-17.580145644144338,14
1094.4348805861528,0,0.2932312821639676,14.227934647507723,23
706.410236424408,1,0.3101248009037709,145.4722050701324,14
1134.3715164538476,0,0.3810554413116147,66.15553221155982,13
1238.4259414793842,0,0.1029323639435806,46.41396053709613,21
1087.5720090959608,0,0.1392549342268049,17.29195065021981,13
874.9987095882701,0,0.5406290338815058,52.24916492279453,5
1284.3273359833638,0,0.1389394945456454,9.881535828808763,13
1420.9703247847046,0,0.4534017981052526,184.55471363662383,16
654.800461278577,0,0.5600190820545263,78.87819740097133,17
1905.4661898731351,0,0.2353418021508655,77.10247291186413,19
1150.7059338578692,1,0.2852457185297571,109.40383375839158,18
1209.424811472424,0,0.3844607029223581,128.11725846332848,16
1924.4395911725785,1,0.6159791893144377,150.16932247089449,15
1316.6080656317508,0,0.5709527936302101,133.68109719537858,7
1676.5683169566223,0,0.469781624055634,48.457722460457184,6
1343.5620826009122,0,0.143309880427347,65.10665975215694,19
893.781312679781,0,0.4345770777674254,118.45158277211377,11
1380.7517626030508,1,0.305151860936331,53.630546918019,8
628.1368963396691,0,0.3353504997455308,79.74466839863875,13
1254.2798528882615,0,0.1245741951725885,99.93818822124072,19
1183.3850046777695,0,0.1955310696731791,119.2592541155188,0
1095.9415713637302,0,0.4952568037668239,-8.884048118510066,9
1135.7312442805346,0,0.3269794165239299,115.73728249444726,16
259.0754772511805,0,0.2508311208155744,68.31379710741373,16
925.6375461295193,0,0.2920095369824791,115.37288554321904,16
1246.4224505705574,0,0.5271997566628401,118.84658461774144,3
1279.9281959987002,0,0.4744995087024785,160.39575305595787,16
686.1624295370209,0,0.2361576985905414,147.67268238106016,17
1832.8539204323504,0,0.1587509201061866,147.3285831305148,19
766.9125758927496,0,0.2259991108220358,152.18351595831192,22
1684.7286002633684,0,0.5603782255273668,94.5689492407973,1
2575.2024359985458,1,0.8861289242116542,294.65365069407113,7
876.8863450780984,0,0.3667401043723914,123.64085415891672,12
2087.655446304756,0,0.3981967998462308,116.60404757165112,22
603.18158412176,1,0.2830141328732576,64.546688163087,21
1659.5770868050008,0,0.5035535101597564,100.2411704404134,19
1700.2911590214892,0,0.3616431246501249,78.24517666077028,21
864.6898954616776,1,0.1583739513843977,37.3033545769972,14
1896.2326500321644,1,0.1645325624145314,144.52303706881747,19
1074.9767427005236,0,0.3684295732513092,82.75996212650446,22
1344.3468146399284,1,0.5682851090354196,182.4354128849425,8
1330.1609193856104,0,0.2541760608380994,-1.2746135099916387,2
1132.845629264726,0,0.5347705844296091,52.16106135783168,2
1605.404136579891,0,0.4820477932894397,81.63194183454357,1
1596.7443602761064,0,0.2239062214534534,136.8690548814457,0
325.7340133809096,0,0.1181703741581212,99.97346863010924,13
1852.1701214390764,0,0.1509236325711913,95.52363770903756,16
368.7540059821629,0,0.4642469669237201,23.636810372292643,12
1716.273102170829,1,0.1998348690203233,22.15293013852644,18
1763.3525684137917,1,0.2856354602526969,96.12523301449524,22
654.5167848924009,0,0.3508495830032124,11.794700309082074,14
994.5928560227076,1,0.4627340842250814,53.40611248553357,13
647.1476657570321,1,0.1566156116295627,105.04586645429288,1
1092.5394848556325,0,0.3031832026387308,30.883786386161205,6
1045.9828579071293,0,0.3425364545713477,160.26779811809033,16
1589.83026613467,0,0.3704135319857699,141.1968172118945,17
1855.154373059804,1,0.5091803206976083,1.4290000830849865,5
1897.841905394978,0,0.1858390975216084,33.381437840900645,20
918.915986710849,0,0.5039157259133111,-34.288862224747504,7
1095.389063127736,0,0.4464392138483261,40.870431872593336,1
358.2809038895249,0,0.3779354070994797,118.31942382861996,0
797.0649667519056,0,0.449763935201286,59.30525288625715,15
1682.4258165487288,0,0.3060088694758281,103.03986218079837,6
2007.791411774116,0,0.1691987929840623,3.8832840859127913,21
582.825564060039,1,0.4328826201326836,119.89876272909528,23
903.767870423553,1,0.3623361533428111,52.24453860358251,10
1186.7971215205364,0,0.4196874002713877,80.60848411414526,14
1340.0805794098037,1,0.268999390514245,75.35627493034737,12
795.1982400391769,0,0.5534332886699179,16.422573955385808,23
1412.0305222320449,0,0.3936849342877885,22.345783413010885,1
963.080326464542,0,0.1427012421454369,128.3897234501713,13
1192.7738645608604,1,0.3249019953522143,99.94960787508478,23
1473.14212400185,1,0.4781780273718171,132.50245207767134,5
1203.211134905469,0,0.4970672808661361,96.23291177512591,8
981.8070547367156,1,0.3472985263818794,87.14953174046083,6
1145.1950980370846,0,0.5473737854156505,-6.300530933338322,17
1155.8185203973323,0,0.2338342185971487,66.4816651619415,23
1014.994485058936,0,0.3052993486191333,78.6307839798128,8
1070.6019686664488,0,0.5492984552844851,177.6553599136287,22
1999.3235852523585,0,0.5481283582357894,114.34783160493387,3
1480.4597239706193,1,0.4428563844123404,156.80305908547643,8
1052.25984098542,0,0.5294902735611101,109.8768852947364,3
1548.477202255368,0,0.1443866334781163,44.43483865252603,11
1033.0902551219951,0,0.5324974881038882,85.85621080749257,3
1786.5623187933206,0,0.2603099532751134,91.81118231321165,23
1384.821096099047,1,0.1891657562141081,33.04222151146591,19
1146.3489279978855,0,0.2196849181710231,60.78063117035394,13
1423.8584629051388,0,0.3089842540069435,69.7116503161414,23
414.5619239657504,1,0.2255960023022336,160.2809916282559,23
636.6162655450973,0,0.2602837930082495,-24.03702626954892,6
603.0374968004722,0,0.167489243035821,140.29092103580217,12
1271.4715473818533,0,0.2480883827794992,33.16023825203086,21
2066.257499742546,0,0.3861419072710006,11.396040636519302,7
2315.650073096316,0,0.320926854045532,138.9971065019232,22
1519.0255507203783,0,0.2733593806179556,116.59490346171906,4
1450.4222374722283,1,0.4732260644285569,142.7259351190595,11
299.47113292363053,1,0.5467549856966589,120.03509737727884,12
928.6631001329891,0,0.4783946114511985,182.9922500868701,19
806.1081240458806,0,0.2660003510588395,107.93619184722426,13
889.5762008744421,1,0.4722210839187768,72.17613119384208,17
1115.9280907076052,0,0.1759900912370256,97.14631886606712,23
3155.271994318646,1,0.8990082546986019,282.0216577948829,19
3858.9053998878176,1,0.9403411029288382,372.1294945685148,3
1573.9551280587668,1,0.5038511845220285,47.40557087343096,20
663.6284871300968,0,0.2231741236211509,64.55199927010463,17
1319.6234320555748,0,0.1316267044493398,-25.229139938266613,6
2237.0413348749867,0,0.1658547676031775,86.90392042087734,14
740.3077042067882,1,0.5293724842647901,-14.306435197551307,20
-65.1437613731648,0,0.4168916423736438,82.65296564663095,5
1056.9978890599446,1,0.2266005816849883,123.26448780676247,15
1750.4798174992857,0,0.3776479126640907,56.15617696780822,19
2179.173727110297,0,0.3637898112126752,163.85579350934353,23
585.2252027737916,0,0.4277179892203306,6.974955029075602,7
1448.349611618261,0,0.2165937772108081,139.56303408159164,20
967.3447716099732,1,0.5322014935971988,113.75685282034604,15
1147.0258228479322,0,0.2546842810400064,-5.801662415534452,21
3352.011560042666,1,0.6576960084472414,135.66610089161392,15
448.51483580242336,0,0.1080623231861074,76.8127357248017,2
1326.8698307472866,0,0.2863285649470736,36.12579889221841,16
1433.846585882717,0,0.2758549089794041,9.645640260799157,8
1742.8931624696736,0,0.3717422142915072,68.9990986170163,2
1248.9915767354478,1,0.1363681308885982,73.62965638050201,19
1354.0252697520511,0,0.4950656868630542,85.13227642698322,6
1004.1757162891043,0,0.2088904008837842,65.11019218880199,17
1334.5634706225535,0,0.4385189074410051,111.66126550575468,11
1028.4038622512949,0,0.5016060616220466,60.61850836683768,18
1510.7859449280254,0,0.3809384781207565,-16.748205862023553,15
1015.194831978183,1,0.4704416033609927,72.53192521751794,21
1388.5501969510933,0,0.4309301561075027,-38.37388266866391,23
1185.3685931575108,0,0.2777648985760038,97.68853154456949,16
1763.025125386084,0,0.5044292695167827,31.034988485868237,19
1174.3031382057568,1,0.247350684942764,88.16801774579002,14
313.48376589655925,0,0.3856064588757586,145.70374907623022,0
1830.960750356996,0,0.4726988695707698,32.562565236599994,1
747.1338495686905,0,0.2894779549062538,133.0628129256059,7
873.1168306755901,0,0.2513838038087125,58.330521665692345,21
902.169352978254,0,0.3296730050864114,167.65974010327926,1
1887.2190465854087,0,0.5089817471745768,61.74236934008933,18
132.16289301065217,0,0.5649608815728324,37.97535072466543,8
2768.874266829997,0,0.3725417064299451,114.36192251976442,8
1728.028404533026,1,0.4307331026618259,58.2105135188182,12
1311.6194570645798,0,0.5516368111194571,37.92752429354957,5
1172.5529996918567,0,0.1492734257064712,56.10800746481044,14
1342.7770374288284,0,0.2160392889330825,77.76967339084993,18
1460.561214189669,0,0.4544500031257912,147.1090065622427,20
1522.6077929750286,0,0.5118722309561499,-16.70438727297885,14
1477.8022330017243,0,0.5285145141652889,81.15403294752103,17
1244.7903406276243,0,0.3075535884274663,111.24517973270216,6
1101.330789846337,0,0.1446699511459334,89.67242874958981,10
1124.3633581732445,1,0.31889073864981,145.4932584716767,7
1102.5458598236596,0,0.2153672951035269,76.28273351207379,5
1766.885048433532,1,0.2455982274983121,70.77242789070274,7
1496.778361140431,0,0.4861337784187529,109.61647735066715,1
-270.19431733214014,0,0.1377635430129434,84.96569074756748,18
1527.9503882648803,0,0.5137906087403511,60.47956308597645,15
1297.368097359387,0,0.3138345429120845,105.807201979319,6
1190.6456217770512,0,0.3980319655502975,47.37358533916774,9
1005.740773455557,0,0.1448261156178395,49.441142399033644,11
1762.0563599930067,1,0.2686795391786398,53.60029891171932,16
1673.763231061429,1,0.1448504595074229,147.65345800832037,6
813.5611660881955,0,0.5807718614405548,-81.05081779928568,21
1403.5261435622676,0,0.5036308246631253,99.77994173814712,7
714.171632729357,0,0.3298163771782301,81.71359071001112,6
510.1909176055348,0,0.2118012741618355,-4.043522961906021,3
886.6413877050175,0,0.5667275526249261,95.48633895680013,2
1631.1967361913794,1,0.2722982978634859,103.7875995915766,18
1676.5625226880434,0,0.1804922158436873,109.48196156787,14
1456.5427100486463,0,0.3815821942269775,-52.59140315224744,3
1562.5478934239986,0,0.5718870601724081,148.31947059272193,8
1458.0891435574792,0,0.1019151452501613,43.11316476575796,12
879.2592023885238,0,0.2190624216269993,114.3283873376588,17
1415.9612723369703,0,0.5692238202052038,117.0536890341143,20
1600.204762613841,0,0.185542983428581,36.16514571903535,15
1577.1456649067873,0,0.1566217258199099,113.02299761757752,0
1794.4566857373215,0,0.3850936078999022,60.72533795438209,3
1554.151923600532,1,0.530921911647415,-23.568858966907868,17
1375.7241037707915,0,0.338554908846963,138.38709627638897,7
1735.0751191582135,0,0.5972821283422624,41.247751849188006,19
1186.73937037547,0,0.4395858497689964,37.27532686309728,15
759.0626743861411,0,0.1370374536052238,59.84670659816389,20
1118.466518028118,0,0.5964160658409877,93.6118362663694,10
827.5486775967754,1,0.3039471183900952,77.13647945889488,19
862.4108625128092,0,0.2437012669227412,107.40334623535853,20
1127.740664642241,0,0.3789395917889427,13.02553167356706,20
803.7900395000194,0,0.2521537959104322,42.88068147846327,20
1046.01923518048,0,0.1432287535600761,74.20014638392333,18
253.1926665231072,1,0.1007141715395883,174.89436463293526,22
1306.6468536864693,1,0.3247916764601312,74.3093730793121,18
3716.1545760221857,1,0.8522541179932321,233.80451830586725,17
791.4556844659047,0,0.3861575928150382,81.92775843921588,18
1529.6228342162026,0,0.5996036494717204,55.817068128121576,10
1668.7850688132792,1,0.2434233228236,67.66377879427797,2
396.22006781551295,0,0.2402275323800276,71.57901439855594,7
818.6376107168928,1,0.1798747301169721,110.18228694803692,19
815.4288251063508,0,0.1820317941326676,148.73056337882772,18
730.0484494455677,0,0.2425932980050239,97.98404238431606,9
1614.7374209658742,0,0.4964200226367635,139.35388393708777,15
1103.0869306135985,1,0.5528783953182239,31.760513118515725,4
1067.7425793446946,1,0.5875435848538406,59.26847455929847,19
198.0688177966233,0,0.2161448270482263,43.78487328961666,8
1517.7090151046132,0,0.5406487728070458,95.72222954374264,7
580.3708025732637,0,0.2641275446386685,62.052080741029314,10
1229.966315133164,0,0.1564202722584422,116.48864685170976,15
2541.039996849137,0,0.8884218643591487,445.2917382489511,6
1880.3292979193257,0,0.4180528173218093,82.15154866606407,14
545.5898004404439,1,0.1823654480405308,114.3428955506128,23
-309.7560779104126,0,0.3149156287565012,-23.26513875203051,20
1291.9247723768474,1,0.2436288474385338,186.08156536651015,19
2100.255590755427,0,0.4683972843550985,65.84240575600622,22
3096.025061374609,1,0.658438626216528,377.8575167939374,16
3490.814378184333,1,0.9292014297787738,358.29999385168685,5
954.1819071839764,0,0.1273724911297975,81.67217339865755,14
1603.5612983186552,0,0.2775076330681233,75.90528102137534,7
713.2269001477657,0,0.3409500835549887,129.5595556463333,6
1438.1788846781096,0,0.3515667773741598,117.3722485713528,1
1452.735079583313,0,0.2579679111928183,94.89380955119226,12
1730.10495374944,0,0.464620124548784,102.50778169733238,22
2579.8300194555386,0,0.5373735367444874,74.78207752809567,5
1396.2079835893835,1,0.5693596509889315,168.77454246200242,4
945.5181871462506,1,0.5025466883997631,6.04019908211167,19
1187.2128439040027,0,0.5252900986532997,86.98258371079483,0
315.4620475554409,0,0.3752726503099978,83.251231559439,17
852.6434344554709,0,0.5129441132134073,120.66402030322963,14
2632.892589704848,1,0.8651439150538662,436.7462004161351,22
937.9558010327036,0,0.2992393810546072,-7.183630119826802,9
1276.177436016861,0,0.2584565069092721,87.84115080490966,2
788.7900338088997,0,0.3336936677239627,94.0615246109302,4
1760.5153336622357,0,0.2427898081193182,154.47997047238243,23
1200.1035324590985,0,0.5808057211272234,16.481897683745693,12
1195.3498394306928,0,0.2564223140028341,137.734688335836,7
1036.052641743541,0,0.1490222690554699,198.37071820135608,21
1277.5953419294897,0,0.3634085830252067,61.11175562387615,20
1612.5491323338174,0,0.1285495392225882,15.452889025338791,1
766.4348921445498,0,0.1552715831542902,59.65128168133144,8
870.9417554623717,1,0.2096946945981231,80.70024836856904,16
1048.1369856116676,0,0.3321751249410708,108.18939375034572,17
527.0645382633926,1,0.3166254661545139,50.43026350809762,12
790.3710701392511,0,0.4998459310013956,157.7599267073671,0
961.8895632276704,0,0.4697373269420567,24.27338424959692,11
1637.1945903563635,1,0.3131591469953506,-6.960257608640006,19
1331.2806645009623,0,0.266852103787815,135.33552121436588,19
1296.794955683772,1,0.2582343920307492,-33.73105156030998,20
1625.4489810839862,0,0.4869975436470045,69.7935115563642,4
1131.3141058003016,1,0.1260362031106348,235.8840564604024,7
1395.2324249644448,0,0.1064108247553029,79.39782235200343,14
1148.389123533752,0,0.497772195963324,23.96161746518752,2
1332.6811746998142,0,0.3385731879945246,77.13012681066031,5
908.620671194209,1,0.165440569276788,77.45996056902332,12
-19.408579138214463,1,0.2177829672972506,88.03249701765583,11
1132.8604189068478,1,0.5662519765486913,113.11314910798096,18
1911.37406804997,1,0.529751487812449,28.044441581613043,17
1663.1077011207965,0,0.4548925251119863,164.37740276183968,23
1682.6987422955854,0,0.3411126151686633,92.25571421863089,0
1818.065360903109,0,0.3601618130956928,116.3397023200902,6
1244.3287954807188,0,0.5876222676419793,48.59253001221787,11
1298.657853702798,0,0.5828852219421435,144.3191068497767,9
891.174052282825,0,0.2076345228929171,67.14737955934676,11
1041.963571986475,0,0.5055522831526591,93.87762567467658,10
1507.8855748855708,0,0.1986213330835084,33.34469614064454,3
1801.942218584408,0,0.2067687389419757,30.15341867989365,18
1130.2768621595003,0,0.4380465170822883,114.41026532264414,5
974.9053675742942,0,0.3025005492937742,57.8196584896307,8
1200.2639794282986,0,0.5657722035532601,37.30884562478115,19
1500.6033744645574,0,0.1445048674480044,47.84083289864848,9
478.0725919332291,0,0.3557628204047465,114.94765358587104,4
51.90952343138088,0,0.5592607652215607,48.548106939819455,12
924.7315752542082,0,0.5520568302397526,74.1172534198918,8
3344.0333177528555,1,0.8381659206480434,314.2301235011176,1
945.9299011763444,0,0.2833188500482282,-15.867444300514949,17
1126.1098405912642,0,0.4095607000233481,6.443679731324096,20
973.3757954884932,0,0.1796974423857011,96.81389446237812,0
1926.2337672353729,0,0.5840110860228693,43.148531942365146,23
1363.37238230116,1,0.5573746643638302,132.8362455640209,20
1350.237179805414,1,0.1834750895172346,128.3403552125272,11
1511.103572021701,0,0.1605777306304927,115.95843331777186,9
3041.5567086458395,1,0.6066686202398532,29.470562724409405,1
1719.5558937101343,0,0.5547218320183156,75.84553361284084,8
1162.11785673227,0,0.1968119048977304,112.44409629519195,1
1535.2403086206064,1,0.3081424642721774,50.77995117019845,22
664.0713834799222,0,0.3244256828260015,202.61849564343615,23
423.12061699196784,0,0.3995055221067838,179.18168262180097,21
1608.9448290125142,0,0.1358676718737125,80.5940217258896,13
1388.2047630487582,1,0.2133793087002579,99.32931149525962,10
748.9742228212448,0,0.5657451934594631,147.96487996824027,22
765.1684593626528,0,0.5542050536342847,72.64302475929465,10
1762.7173922073848,0,0.4906453237028461,47.16879646001476,16
3886.546253390013,1,0.7627094994288021,257.33367447781364,3
2021.3364766279817,0,0.2635033842480511,83.92196230418351,12
749.6896326760657,0,0.4139793676714539,89.14972248226302,6
1519.1959628041914,1,0.2375951058867378,38.28643284660173,15
1035.6907621255075,1,0.5547933475268887,-5.883607418169817,0
1501.5937155411716,1,0.416944730916221,91.80712049395504,12
927.9429989429036,0,0.1359533586582228,125.24810207471,0
1118.603546963853,1,0.5545027944178516,68.7096625461979,10
1220.4595876978606,0,0.5788833290881112,151.82147597794335,5
698.9062721092637,0,0.1388562091958627,44.80418372922278,19
1570.4121727100628,0,0.3661801174306575,27.264777251704004,2
943.3932167642074,0,0.2516821411070852,76.63848464019344,11
1085.7000423299908,0,0.2964195382407012,75.87037123243547,4
702.8253126957438,0,0.1898256089776709,118.49843656676111,8
-81.16682939765519,0,0.3890360510062063,41.25185879680076,11
1104.4861186999156,1,0.5789896766244453,148.4047118407449,9
2406.307710806458,0,0.3515363001358045,178.3458481254127,18
1592.302143949012,0,0.1414572906972405,78.0427986515829,4
1190.3698101328027,0,0.4100006667387041,142.48552100921592,4
1068.554585395866,0,0.2701114972256285,27.175146468737,8
1211.2329464060233,0,0.5279625947956489,133.76107705909578,19
1473.559557587605,0,0.3173390741582351,132.36382042797314,16
609.5935923455776,0,0.1964198044711228,123.17186400949392,9
1757.160847334436,0,0.1955528113455724,79.2218455564853,20
1557.690657720622,0,0.4843820903605802,-67.71244706210155,0
1559.0928628539673,1,0.2327937991536799,47.91364281739353,21
1419.2378694048637,0,0.4836166970796115,48.704199115769896,15
1209.808328846995,0,0.2029436553832997,31.08725309697613,14
1536.43061798341,1,0.2608431843506547,86.11215022735331,22
1495.907066870689,0,0.3327434862198497,59.05182772393827,16
1022.979644529488,0,0.5715979248467253,38.7693995117489,19
913.1991135515495,1,0.5658657123769123,27.05999258760901,12
1250.9281476309934,0,0.2034359377111439,44.22435072573857,0
1974.5100757475936,0,0.2791095206215364,136.0749605924964,7
580.4464621730496,0,0.1746996942268861,46.94874726862529,4
466.23736712378,0,0.3549925396567486,54.25306467833638,5
1282.3804206182583,0,0.3302912753473332,57.16511924883768,22
1225.443850928009,0,0.5503800812253662,96.94967569047098,19
1286.670832185204,0,0.5650026888955363,102.81247442642665,13
1321.9765989542502,0,0.291783695503646,-72.2328269621581,21
1088.3988726825974,0,0.3458689715094947,131.0817606913804,22
1944.931719301041,0,0.5481181245730665,151.8184017121877,10
2122.9799304838384,1,0.965936859940662,243.15535073335843,5
785.751487609877,0,0.1018281556723246,31.385087763258262,10
1148.3726199254763,0,0.2600297820917913,57.48733061108643,12
378.4055944229164,1,0.3108871209680629,42.19979902716976,11
1112.0727977839645,0,0.2148581418416158,91.19634369733032,21
2030.7350828640087,0,0.1997858079479693,-17.326264317943213,1
1210.443244147981,0,0.1188922532978398,24.10361959816301,20
1315.3504528593417,0,0.4216848625348802,156.95986000874538,2
569.9176174137099,1,0.2312551452415828,33.58900163259911,22
891.8192959802612,0,0.1261735892156565,142.17141390514624,3
1012.4018098380316,1,0.2154896552640318,97.76690977950685,16
1041.142451621883,0,0.5009569764180632,-10.463385729412906,21
1840.8218975018845,0,0.5257445908232733,111.7664597608103,5
1478.8455303625624,0,0.3415331225966513,74.11663489035733,6
644.271021531484,1,0.3080353352043431,57.226647187512974,14
1323.2523892160025,0,0.5889268467508909,92.2478546586002,10
1449.1108742483923,0,0.2002823297940349,103.7316742783396,23
1770.0745192606332,0,0.2076796414273042,115.37959109873096,2
1990.2703432841868,0,0.2459335885181998,138.91264237740012,5
692.4529040860657,1,0.1863786591405436,100.4067956389178,1
794.571244394831,0,0.2896827991020932,11.21829556068191,13
571.2110705426919,0,0.5554171134948769,56.31772711744045,8
1082.9900704465094,0,0.4076739203142872,227.15241676343103,17
1433.1791872231672,0,0.3059732743061318,116.2245530190864,18
3607.142871829412,0,0.6437929464275975,205.6736535182097,11
1162.0244881787387,0,0.1242321162379111,149.77170410995927,12
1040.076238372578,0,0.2051380889509307,92.09010357778745,11
1275.87899612437,1,0.3829443025508795,95.07035348905588,11
782.4285491849885,0,0.4077763115965895,78.17099800615772,17
2244.7693608473865,0,0.1197787532813065,-6.890230792324971,8
396.1694864409707,0,0.301519378953566,80.90236262341121,16
1292.3702894478622,0,0.4245769824154364,140.53372762710984,20
2211.80310961482,0,0.4490352732017008,50.01800025893982,15
1203.399922279999,1,0.4190699512581346,100.59764995309048,16
1104.9804824992527,0,0.2602816121804623,122.57955229465986,20
1021.2772885947865,0,0.1467600617989547,34.515978034376225,23
1109.8041591187962,1,0.313556223209667,57.434856782816766,7
1886.424237338265,0,0.1643772186840277,29.10442547614204,10
94.06904433524664,0,0.5738118292603336,38.891719665529656,23
1966.7168506481628,0,0.3375854330113141,15.619735817346935,1
488.0214237749275,1,0.2586295871784337,34.97757693109866,7
1066.6738353827927,0,0.4831520355594501,150.97278403989196,11
985.377789850669,0,0.3489742962911319,34.22614854548537,20
1494.27663488536,1,0.255017012006225,86.3229609530345,0
400.93782405812624,0,0.5059838711954009,54.85656231645221,22
1932.7796040654364,0,0.6937300262602107,323.44767450012176,12
2518.905884839029,1,0.6078605930987391,42.28801462261259,21
518.4129977035948,0,0.1234822112038336,123.20349910694736,20
1294.853083805198,0,0.383161440083266,95.30672765513776,16
869.0089111016955,1,0.4816474559986408,68.44702315795507,13
1412.9436030965178,0,0.1682515060417911,20.406264790437504,13
1209.573888707876,0,0.2143353756923016,177.17644405610986,15
879.2565454778452,1,0.5412475525340682,42.01634911237233,16
1443.936142435537,1,0.110060860926537,113.18231735164208,5
2102.174054893372,0,0.476363568912988,132.97827863116987,6
1104.5481041363507,0,0.3368866462572114,52.23597515473352,0
1559.878971074091,0,0.3233860794198034,131.9006263657981,14
553.3635210644181,0,0.1035482662474436,118.21066016694276,19
721.7818115909956,0,0.5096991154832464,166.39819176908827,20
1436.2031389401886,0,0.2799124503182832,56.53267667866445,17
1942.0580142679823,0,0.3703828156502714,15.706799136014254,12
1377.80667439283,0,0.4386503431678297,54.725512227774445,23
1043.4709847384229,0,0.4513147882189579,90.4426771267166,1
1199.6457027116771,0,0.5779900294130361,82.91063635425283,18
574.7961330151412,0,0.3656699766183046,60.32810518627248,14
1502.2576631776833,0,0.2998597754872137,-15.459872948862142,11
1641.1665311617046,0,0.576851813245854,103.52414980645533,14
973.9548335834598,0,0.4210551175127606,178.61722395411,17
964.9789261202492,0,0.2490751781382778,103.21256190615016,13
1332.9391148260245,0,0.1632321227017855,110.45677595267568,5
981.6401319797022,1,0.5212772507325907,108.62226530775509,11
1166.9336926870888,0,0.2810908013970757,99.85233349412,19
2249.860894583257,1,0.4302348606822156,126.58329834340476,22
1076.4871496270016,0,0.335408209682949,99.76868405928327,5
1020.8299239893888,0,0.1994648898975191,64.3661415173362,8
3247.856568181622,1,0.680364535874209,237.34811030460497,3
1572.0959857499683,0,0.1303415344753411,67.55131723596624,16
1109.3879133909486,0,0.3066712299355961,95.7064748225333,1
875.313480839287,0,0.3733074698318355,64.19585194385134,15
1860.652016136506,0,0.3180234870592895,95.71693415657153,23
3035.0491775832875,1,0.6199440585596657,334.2513896455004,13
899.7882171306474,0,0.5139624772726562,121.65897156350908,7
266.7300243196919,0,0.485621537016589,144.13974844194902,13
1703.756844918461,0,0.119406473905901,83.90037092394287,1
857.685087119998,1,0.1970643852229861,14.61117174261696,15
1595.3127995813843,0,0.3683037546318871,62.74479515904049,3
214.94809114408224,0,0.5674110202219006,82.20312837032996,0
1646.2986691496546,1,0.5174783875260585,-11.78843780885451,22
594.4140353596094,0,0.5212672541759008,149.43322600512408,19
1565.3820595332622,0,0.2516040968798374,87.11889562552331,13
1207.136533918217,0,0.3147239485393512,99.06764172901424,7
723.0302903016775,0,0.3353529736579687,148.2763231263133,2
996.4818435366096,0,0.1786857916749552,48.49285849288266,4
1543.1592284783503,0,0.1155340651222281,108.70209654420152,5
1252.9472265576171,1,0.5734514497302584,74.50679384490321,21
1492.2064902362422,0,0.2203562928317533,70.79565664920403,7
2188.2202922577426,0,0.2199744518618156,41.39038060978103,5
417.8791941444744,0,0.1416895268843797,163.28016068432635,5
2480.5779639471943,1,0.6288852741340751,241.77463003285467,3
1252.1779687616065,1,0.389868557469886,114.97321234478513,6
750.6079758384359,0,0.4335184285626769,-13.750369373596826,23
534.843187130505,0,0.5557884436315262,138.99942648448933,18
1105.4398046114832,1,0.2728100844503948,132.61055779785295,6
1755.2834830370982,1,0.6597526544905729,240.1690152545624,2
1136.225439811233,0,0.1193997273644437,68.65287669310378,7
3666.82316928714,0,0.6689545448420665,283.14708963308954,0
474.4121549742206,1,0.5156229025449712,194.43953304401447,0
1193.9555260769728,0,0.4833841781691679,-8.161834945174249,13
573.8032777934404,1,0.2753213457285735,119.10136937870638,5
2032.287185047036,1,0.9849352229924828,397.5879150503965,9
1643.4436950486502,0,0.3667772167767897,79.00408018501344,13
989.6191031594732,1,0.1001205023425672,67.60599404606685,3
2435.990515393273,1,0.8507331617660269,136.29671168525124,5
1299.4740733982474,0,0.2041159043041072,79.47674354736353,15
1418.3692758667548,0,0.2252414733748817,23.29144273611048,20
1402.1473774808487,0,0.5029529212667206,131.45902180639837,0
1817.8910959110767,0,0.2398369282732216,-9.707175559930022,5
664.4731601754755,0,0.195760661025074,106.9882256414171,8
1540.1080527252248,0,0.3521317303965158,63.673207373271445,14
1796.2537562389875,0,0.532822518186366,21.45375530962732,11
310.7062079967416,0,0.2206748519187499,90.11916852993475,2
1359.8259129594885,0,0.1392681213963993,2.152445664676108,10
2411.576045928187,1,0.8184990400523404,187.132975296914,14
1159.238663449177,1,0.4738259122824889,8.856154609422276,2
1373.8382417691682,0,0.3753452723473973,103.06360421589156,13
956.385717943224,0,0.5083966847871737,33.78213331848122,1
862.1459604191941,1,0.579796073804617,57.450299148534526,3
1217.0762087440123,0,0.4963312383758085,94.69746939715812,18
656.3770305685987,1,0.4019015394218767,41.37289440788821,11
657.0874355574073,0,0.3466707940261903,77.10180001658487,1
1539.6866414782517,0,0.1200345431741333,4.308474937757325,16
625.602982420672,0,0.5921609894070207,111.54378017980778,2
3153.639293192025,0,0.8879987210509785,60.03297191411187,9
2752.706828637999,1,0.6404662478452413,237.17365195161693,15
337.09663560470165,0,0.4333544276982284,84.55840733332195,21
861.2176738321725,0,0.2421441445477296,119.41020703985932,8
1797.0547015236862,0,0.3928891354655238,-9.031283645374458,10
709.4172344301592,0,0.3933839539222956,155.1367163152794,20
967.7978688453062,0,0.3228649104514346,118.81142523620532,14
1431.030446625948,0,0.5180593077725213,55.80332775243835,2
1591.6952546412977,0,0.2324835307777215,141.85904001445047,15
1074.2305569777525,1,0.3243162958088671,67.27619616773292,20
901.2449026541792,0,0.3688460642954857,57.098740849272176,20
1911.1849308492535,1,0.4318123603836498,103.76674627137456,20
2069.4498318987894,0,0.4919859252527947,26.832275008484068,11
1689.4290253908978,0,0.297403641439128,131.0812382199974,22
1242.659071282512,0,0.423023472048298,27.200509403657836,4
795.8671391795368,0,0.1753054765342595,27.49726050884069,6
784.7777967217173,0,0.5663240502712393,34.51551057958328,8
1461.2570526328786,0,0.2915294032105018,117.9750018758061,20
1409.1991104443418,0,0.4647607109882192,49.161231924014615,17
1900.7992964732148,0,0.1101705409410888,12.600210781641564,20
3213.9138512575223,0,0.9258500224103668,211.92365961381955,7
448.459849120091,0,0.343541272161789,78.39788146597566,11
1725.9738088614592,0,0.5391262338661733,20.951375816780725,19
700.9696863427935,1,0.3636275749753386,22.415944548282823,1
2860.032194643673,0,0.814275588182412,129.22406074566476,9
1325.1001031258472,0,0.3418984482913981,36.97172980930566,18
2197.833744891982,0,0.345224548367975,63.84788156134966,8
2754.9592780026805,0,0.1598733942502659,61.638149960035705,23
1503.361529568091,0,0.5013281220761099,58.93215961147791,7
1108.401690639806,0,0.2234827062335312,111.06733699845512,23
1467.252824240275,0,0.5498062446861576,127.40714752360248,23
1643.827712936918,0,0.5554121101651981,64.7022784234204,23
1039.6661872214042,1,0.5716550559370749,18.176085670382555,0
3654.2130393602297,1,0.73331994394821,11.92608944765027,5
4112.166039213851,0,0.7967712096156517,67.03181847919171,11
1448.8715445456971,0,0.4892579400308318,166.51609074285844,23
1532.9621260272306,0,0.1655073093252328,-32.27929487825814,18
1410.793305307228,0,0.4004785974987486,89.77016106416602,16
1619.470250234806,0,0.1171489506516558,175.9303166938104,1
891.3734067265384,0,0.3487830416943629,62.33679322809209,10
920.8491230269848,1,0.1774213408101137,68.7253288332682,17
649.9228835141525,0,0.1914614629810423,94.77558457951692,22
3045.3199399176856,1,0.9797124687023936,161.3959753021623,21
1589.468251756057,0,0.3162185833582515,64.39640339736336,10
1428.886433075943,0,0.4115862122660936,63.10924529042985,17
2037.246216673769,0,0.1372142092192578,48.62896327868134,7
1197.2019905854768,1,0.3518458806187223,141.44282751002797,14
1534.3708277962564,0,0.1913125651265505,103.05390161482175,8
654.1495619303429,0,0.3869875875158709,92.5314116051651,14
1006.4501487627996,0,0.4187023061305918,120.42855034450584,6
1547.7688787828888,0,0.3783546282764269,66.78220833982665,19
1624.551055371572,0,0.4691477552391538,41.28980908235497,12
1053.016526167909,0,0.2678046221204506,49.868784769272125,12
1164.2003740709663,0,0.4825532958165655,80.08915205523044,0
441.0631266595952,1,0.3163835408540968,27.039414581354897,19
1021.4853995966952,0,0.3420922491612984,54.98694917066622,3
1645.191581759893,0,0.4240510636305357,54.19416790642826,23
1487.6025080532831,0,0.1091791919996119,186.22781149145067,3
1450.3328606906048,0,0.4269971107101241,-58.69074699669582,3
1224.88684359048,0,0.4092925745360577,71.01901392971834,12
1203.5315793140885,0,0.2549235583766399,166.28468964073852,1
869.8394302632764,0,0.1428971424497447,86.09222320662269,22
1549.4142101012674,0,0.1454677249565205,117.67087367105464,14
1410.486472194695,0,0.5616118734926143,84.99131575498839,3
1446.0094239963996,1,0.4446396606129186,46.633330939175984,5
936.9825786662096,0,0.1635513068853702,-32.09579672544565,2
123.32854006437788,0,0.2783615846544531,90.27278435181516,6
1748.576355876848,0,0.3962414969507982,41.21966976988044,5
960.581271995798,1,0.5177858525453244,39.98322969173481,2
768.6121179784398,0,0.1218304643565042,55.05063720104441,3
1546.7394559569968,0,0.2183165657350044,167.2430703311747,9
1003.9936800404352,0,0.54487449514769,200.24187711269863,20
1729.968192023311,0,0.1045827750919082,90.86039687642004,8
1508.5029747883486,0,0.2006995513969437,56.761638804413614,5
1541.784661600239,0,0.579512087986483,21.13867912743948,19
517.0221443997328,0,0.4067009232610855,103.42700807730346,10
1805.9719926932005,0,0.2308356833187532,169.1452800032572,6
1330.625265616928,0,0.1334955471979238,67.63298064874216,17
1015.3614303768984,0,0.114095670223611,-38.949802037661215,3
1271.6942336711256,0,0.2223725398184636,113.5024835907762,4
311.88238355084,0,0.5407429097944553,129.26998557250246,3
1404.3264057403353,1,0.3079568271487547,0.7077179807076277,3
685.3142459089643,1,0.4601666845829965,88.82420918314764,12
3463.4331996808705,1,0.7505037317321688,330.7046416606687,15
438.8204068910544,0,0.3040202308014083,76.34463489955307,13
1756.3441874949626,0,0.1956386855186985,40.46145404573232,10
885.3683031536057,0,0.3585589654284598,130.7968611781778,1
1966.8638549582497,0,0.5540418435299272,59.83101270156587,21
932.0992684738512,0,0.5021872070688503,5.740691865003399,13
346.3210212035266,0,0.1329149216815769,-22.47372428348405,23
641.7377800256704,0,0.4462864000387909,143.0424759999655,23
1817.9058100034692,0,0.3859487612294768,110.83319882355592,6
1122.050911031666,0,0.5537315881732128,84.39867735645845,10
925.8563517546996,1,0.1612407084251486,57.98626815745982,3
1280.0091129263938,0,0.3670180566023283,53.55007928984365,6
1450.8913680837725,0,0.5397313467559461,26.213167577919435,15
1758.6994079512306,1,0.3050118933708715,58.42721777200576,5
1924.2496149464632,0,0.3409974588664335,-26.00436075600872,5
1020.1156771054572,0,0.1352303388334791,43.19681732657429,1
536.9761569589808,0,0.2390718202244554,64.45312418244531,23
993.267419438362,0,0.2622533245844737,110.49400235952096,7
1330.140253291443,1,0.5725612243724435,78.00367683133182,6
718.1205368946946,0,0.2413336802705795,119.74615569377796,23
721.4245425524786,0,0.330434367634826,147.45675525567148,13
1371.8939407749426,0,0.4356522117821398,132.90850469120508,8
1175.6738242147744,0,0.1810916862039387,103.52549236892784,14
1216.3984977057933,1,0.3432211935709373,80.5931339590392,21
820.7523326499652,0,0.4692695197379538,30.960599579322043,17
1084.7996428971164,0,0.533427606513533,116.99720256896582,11
737.8834278658478,0,0.4131296373312133,163.98736911107648,22
1645.0992055623933,0,0.4345267576584739,97.10530198252091,18
1717.6246673618762,1,0.1631417362922844,175.8629574213061,12
276.90606888095306,0,0.5728882486231736,3.721414596945806,6
735.244569903795,0,0.1662870387422411,22.29183076102293,9
451.7353724549605,0,0.4873364685908992,122.76007538741312,9
874.9880327965509,0,0.2324081608891594,93.21451050766257,1
1158.2810151048195,0,0.5667965718506258,145.68910882859038,13
475.1773901507349,1,0.4599797696847397,79.22641796366302,12
739.0700934373434,0,0.4769068564891845,36.6012288735834,21
698.0213139592507,1,0.2095295865299416,69.32033788974788,5
1303.633664699472,0,0.3215199883175804,3.3658014538132903,8
1234.672168518125,0,0.4089065972946432,23.57046634514828,12
839.1312233313733,0,0.4849868091033005,128.6221998959005,8
1288.410436069699,0,0.1519796879561948,123.6393707234805,12
926.6599577063672,1,0.5811826582272642,98.15021424030384,4
1064.1724448369737,0,0.545110335277278,-6.053876048023469,13
2036.7260451492684,0,0.2351742952477921,62.07982122435557,4
1870.230525895174,0,0.511380121516166,18.750005566997476,8
550.2093815362011,0,0.3591619615199117,138.82666268938826,7
1614.8662089395873,0,0.3309032407810093,50.81389332186994,6
1605.698277245796,0,0.2572170529057027,25.71261446092253,7
625.8683556236908,0,0.3904842933157962,81.48980825607123,21
1609.3888218774302,0,0.4649445588517988,47.99227715826941,2
1968.9659592062765,0,0.3054664524813791,154.18719551018535,22
638.7275968777931,0,0.4146095965041461,43.25945512329046,23
741.2485894928682,0,0.4496564605776518,10.03858703876844,14
1708.8307334217511,0,0.4555609085076429,-27.64567578787579,7
1335.747655412824,1,0.1259830490655901,78.46067487932925,0
1475.7381376197616,0,0.5298739028425334,51.903494307103685,6
1370.2946082002484,0,0.329126657382524,8.554769674413663,18
1395.347960464072,0,0.2312080408481072,139.46132306278926,1
536.7639358444585,0,0.2208822537398408,113.36225737146208,13
1723.6588533107242,0,0.3415070564219752,78.58910605313851,17
1784.7949962138869,0,0.5434157697344796,148.21631220854334,14
1085.304627965986,0,0.2891737908413234,113.12680166993064,13
1178.2615250930687,0,0.4748628733917717,38.85720492407838,23
434.4462487221389,0,0.1484093654936093,28.03899180046169,18
1457.1273780089175,1,0.3380283510755308,120.89907722269308,18
1486.028720857072,1,0.5958430701963678,99.81834782336756,21
1168.9044915003444,0,0.4852189013961685,88.48738839853308,16
1762.1766799352513,0,0.2052642442203065,37.67510985655464,21
1032.9613845100298,1,0.3507207368489553,110.3973783502877,18
1482.3029629468,0,0.2168123818242832,42.22505584330254,15
690.1678306539422,1,0.3047804636312546,74.9006672703161,19
1188.223924562881,0,0.4900420118674824,152.347207319349,18
1112.822871048582,1,0.4856124076452018,46.95828820949272,0
1312.653961020471,0,0.2140501889511925,1.350537146356956,18
1015.2365355833208,1,0.5611116590774301,27.372640406494483,6
1134.263702164166,0,0.3962840913824134,129.71494133438117,22
1613.023585720753,0,0.2899621454810073,92.73655686901049,10
981.6178813808912,1,0.3509677903904303,73.55613106556233,4
396.7114496306604,0,0.4025356267188719,54.54530973442153,16
2074.79195210271,0,0.3799452659228927,104.2679953776595,10
3938.77908598826,0,0.8571226364344695,292.1716933003097,23
553.8686524471907,0,0.3524664020447,95.2832784321298,7
1544.8539026225972,1,0.1882059552139431,43.43727155935216,9
948.5126147243284,0,0.5063664521523397,35.1170307362473,11
1331.74360766553,0,0.3708801599705077,48.125628258749416,9
1347.112064506747,0,0.1655399308523515,61.22962767580191,12
1082.796099841839,0,0.4830785507913889,77.55850820331484,17
808.1171672068017,0,0.5662219891886754,91.77278975555572,9
854.7294738418702,0,0.5736534496184811,-104.4182645714222,18
741.9040422593788,0,0.2845088662055863,39.61747211266176,19
784.0888958847777,1,0.167758436780377,60.42150113219804,16
1166.4108549753223,0,0.3591998133165326,155.2531019304165,19
842.1200054446241,0,0.1563046146746103,25.9998695808934,15
1541.02603285631,1,0.5669937092563087,88.13983090499562,4
1591.389792675346,1,0.9791426269014644,486.54077719999736,2
909.9733793149784,1,0.226382929975582,14.351573502636356,14
1319.7022502676884,0,0.3033182634424852,99.69876129322012,1
4031.802203266197,1,0.7609041654734168,12.15683401266716,12
1436.0011354596372,0,0.4973314461989445,54.76831288553828,21
1237.9776339580435,1,0.3281584102754812,39.844458302334274,7
1571.3412091798612,0,0.1853841300016684,43.4071345792057,22
1441.1244763403286,0,0.233604947743037,216.09560739532463,16
581.168788836351,0,0.354556692593761,122.22279360358328,3
1634.5780321946363,0,0.1737269587130674,135.08689308931045,18
1643.645418633371,0,0.405827837823007,104.5996743418248,21
818.3569479107092,0,0.382873653275573,-0.3128394200979016,8
1218.968917723801,0,0.4573511581911288,99.74789851616536,22
1541.6644964055347,0,0.5688523076896839,133.64648072536733,14
1095.3430902103191,0,0.5561272805505778,37.33002629804443,8
1736.4890238830058,0,0.5730378090344157,128.26633335805633,23
2381.9362473096803,0,0.2223577985118504,115.21681049270394,20
807.0069836825088,0,0.1657826533196773,172.6020022406835,8
509.4776984231125,0,0.2511383502482243,59.11084937431906,13
1351.9092978024378,0,0.5475425863831573,25.119450886213663,22
1560.7812525630718,0,0.5860267373117442,61.91859453137272,20
1084.5668130776155,0,0.529662475535238,151.77854965818116,15
1926.6303316605167,1,0.1550088605637718,-11.42029404209815,23
530.6971001383756,0,0.5737139990298966,-23.41878577155161,22
1546.4593115158054,0,0.3116790136753929,84.46976394658066,16
897.0695896205533,0,0.1046551453811768,57.87053536129219,12
2059.6889531036486,0,0.3211968703740968,80.38639465878423,8
2196.257676584059,0,0.1230345848377338,127.26558856179328,14
816.6717061083261,0,0.3719389605805587,52.37153269405738,6
925.22143204571,0,0.2692770137185256,-13.650291546531022,0
3746.072665498472,1,0.9372579460118982,156.34079937563578,0
1006.4346751052428,0,0.4065851803715585,30.138585628061197,4
1177.2943910338809,0,0.5344005479089101,27.04814389939512,23
1212.694210271205,0,0.4309507882359643,135.18600068612983,8
240.1634219011719,0,0.3170244342390903,60.775543947924106,11
1193.0811269528813,1,0.5097139268351826,76.83050739825946,5
855.136112967913,0,0.5527910687865661,104.1395062030159,12
953.438588800114,0,0.1598799832160986,134.1791551554998,7
1921.816001734407,1,0.3659664887763957,63.3269653409114,14
571.7465528603718,0,0.242255979871222,155.99760029571496,5
1606.6025933739886,0,0.1235305989384737,-26.78999243674028,5
1060.5185348340958,0,0.4342733475569926,117.98936184765388,3
3966.6929844745137,1,0.9189682215766656,279.90857340211056,10
1595.1859480258556,0,0.181451327238697,148.61356583039958,20
1370.0256472844453,0,0.5062068288119502,87.10222394152726,17
1485.3064986097654,0,0.5266978667684709,46.35473339952992,2
1684.0923302664305,1,0.5571702213332418,113.14205465108162,2
1034.3458084083386,0,0.2326425445430262,124.65941736036258,11
893.8816327461249,0,0.5519765325949446,112.09470614293193,20
657.424736721101,1,0.2603313773682161,28.515188018346976,20
787.2947350105223,0,0.3761690067277514,55.79914381889576,5
2674.5472126543627,0,0.125253735416141,79.79635814392824,20
1822.339790368393,0,0.1219405441843718,77.93701736749698,5
524.4628168959894,0,0.4601866063661014,117.4872737719174,7
538.771021628215,1,0.3222399889888955,-20.745061625330408,14
1440.9330308592455,0,0.2281461876846088,96.71635272767516,17
1473.6323986889834,1,0.1952067480124551,65.50093227816801,19
1474.441917658682,0,0.434976745429609,38.07496918080239,15
1072.5221032231511,0,0.1002007720126699,42.87566111152002,5
1137.2728699985498,1,0.5029455845984271,69.27311677410182,20
1363.9397620796788,0,0.1396248030649644,-100.05425522297588,16
1242.9465031466652,0,0.1957448074540597,44.9355214604225,8
90.3498136262324,0,0.2931181976495448,36.20925876768533,18
1085.100184712403,1,0.3424293698580518,106.63916046613122,17
774.2967828698431,0,0.2774975579069709,39.72366587447397,22
1287.605709454256,0,0.2603560824921469,69.2443099914755,4
2692.629501301705,0,0.5819580060365942,157.1138313830651,5
1383.7408327371522,0,0.4207898406216971,129.71757599077117,11
1043.2351569138011,0,0.1117164776836941,125.11356999717265,10
1660.900750988626,0,0.3150879542221566,55.00637847945741,15
1441.3439436046065,0,0.5375043498719851,107.15161396448262,19
1410.0472452259207,0,0.2507280932053339,68.3051099773203,16
1503.4252966078354,0,0.1472781723871941,70.1953394661531,19
2228.2717824147708,1,0.4791923857949589,100.48426718732748,8
634.5557823370422,0,0.4030069159680406,50.15032057895338,0
1436.816038405727,1,0.3851562539132519,154.65015522216018,2
736.8094350092308,0,0.1267882798037039,71.99349302010314,20
1477.7563231711242,0,0.1702495048977586,110.91802831298324,22
740.6567442569528,1,0.4112746981065569,152.7800239628649,8
991.3165931974578,0,0.2039119207294179,131.58268872875874,21
1052.455042881047,0,0.3520350398742121,9.55404486547377,18
1687.9083596723544,1,0.3724408430146967,102.2447947504942,12
1659.227221971207,0,0.2417535951354697,122.53596972303234,22
577.1413117768078,0,0.5742125777707464,124.59315110803745,13
1227.4670554999243,0,0.5212320534177876,24.33525829426844,19
845.2100726254137,0,0.4611867538163993,47.1482381491338,18
570.7475446623328,0,0.1389969332047045,129.7279117870811,22
1091.4914747878147,0,0.1530650096545097,41.91198146586772,6
1045.75860577209,0,0.3463906729324778,65.01519716678429,3
2413.358243172761,0,0.1803566745954928,158.79379047509846,11
1416.4799126803482,0,0.589132731764737,77.61003748076051,22
511.1912496228814,0,0.1792601170137047,43.661293108307845,13
917.6129979145288,0,0.343733917731987,36.11913215685475,1
1710.6916477146992,0,0.2820605284207527,96.6359664792594,0
2244.2213864349624,0,0.419693210727049,13.342599576139548,17
407.0083438810209,0,0.1645182044447124,67.6332018051791,19
260.0378074304775,0,0.3151582140211955,96.66152674950108,7
2135.4825876858918,0,0.2373525164035718,144.95749102738336,2
1394.8070886854518,1,0.543875762335844,113.3774040184998,5
765.8536340618168,0,0.1202928560673475,44.29674410089106,21
1467.3145430612176,0,0.5568637470032296,138.920965878186,12
-117.87386950843891,0,0.5164970692765002,65.02424812262612,8
1201.6877532985804,0,0.2487853582204077,18.21484889752955,8
1363.9105864215426,1,0.4946453273385524,71.39793203672637,19
1662.135069768915,1,0.1156067801693737,151.90846005728508,8
693.0520238537312,0,0.5834327751466968,88.26200250324626,14
1242.8435807016797,0,0.3632974712948946,80.62609321648932,12
737.2876869702063,1,0.2516405130327226,161.86058223514266,21
1327.6918778371585,1,0.2812916062973385,8.432257647278647,15
752.3268388184879,0,0.1332026767302487,15.720044297361383,1
995.9495804198896,0,0.5946747570210196,-0.7923235483415993,13
702.0923026048854,0,0.1196459725753462,98.63240932400277,5
1525.5681209118286,1,0.4274535615739295,88.32465635575622,1
1629.225558328333,0,0.3213679638532292,157.1368183639888,7
1082.689715021293,0,0.5744581090943576,92.17375385683852,3
1219.118997480014,0,0.2229998701533976,59.79214202603487,20
475.7042926832279,0,0.3660434119690057,80.08974364390535,23
1050.1616759966064,0,0.3411781042913765,85.8853709230479,13
1174.8976914791276,1,0.4514332220250506,-3.5880636664083454,10
2510.396545514988,0,0.1340051159762102,215.51658221674467,23
644.0164871129182,0,0.1968945650116774,105.99355090509556,13
1932.0886193762187,0,0.2072824100464249,90.50041540112946,11
1698.429386732904,0,0.4690753774208448,110.75819921392902,15
1340.3182022450685,0,0.19456934816337,115.47054902933024,5
2079.3102420975665,0,0.3867458819454883,72.97232572487842,19
1386.0527363034314,0,0.2076219102504768,48.437943187964976,0
1394.5795978339645,0,0.5308124750419893,109.9725343160852,11
1173.4396734912273,0,0.5710927272448193,99.2855420265726,6
1811.7844412093136,0,0.3592464874711202,39.50549504552959,7
1748.2346169054415,1,0.2761544421045891,150.9517805683632,8
887.1613562518937,1,0.2170288875087495,94.66760181614916,1
540.3764027006163,0,0.1248905007615218,116.49096811338154,16
1098.5096813021714,0,0.2342500380987477,149.59604438399597,19
799.9807178011768,1,0.427117889972659,81.09444105824174,12
1168.2377126923225,0,0.3668084656546054,95.84760034920576,4
2142.2887904115146,1,0.6989851924932585,223.5454101295278,9
971.349172456605,1,0.2981386312458502,43.75694580999739,11
1178.5883093442126,0,0.4469316711641973,82.70258314230004,16
1229.0113674041977,0,0.3446613737375607,86.27742933255742,20
1624.2154411026422,1,0.3562881079621058,32.19707241583028,5
76.5553330076973,0,0.2338871573020587,195.88183943369395,2
896.6498526173516,0,0.3274753884209999,9.635327825379877,14
1305.6418461397363,0,0.3353924985063536,15.094804815642108,6
1800.0394782134306,0,0.453321260874467,145.71132878517898,5
954.0487762468974,0,0.5703199995930569,115.66331253982712,3
261.723646979063,0,0.2646606387412521,28.70175912596111,18
1509.855722983068,1,0.1211002342906492,110.36445075508465,4
882.3188055871854,0,0.3481475627503199,153.3925222498655,2
605.1666704548194,0,0.3722306660745843,78.48684712015071,8
887.827305143388,0,0.1842202755659576,209.9411450037291,5
1107.737321172075,0,0.4802323031380333,-6.203090543401771,12
897.6276677308936,0,0.5924645542207458,114.6911726929551,21
97.21697145046552,1,0.5728873585042304,138.32641681105017,19
1648.533098443566,1,0.1985530194118261,124.56719508026234,3
1837.437520639361,0,0.5376816199503803,69.78221366771758,1
1525.760995669753,0,0.4522468182058423,65.47792589944252,3
631.1571647875917,0,0.3269232819034557,102.20725855436288,7
1099.254233026241,0,0.3703054971623645,120.78772433260346,12
1196.739342385271,0,0.5248000874912291,110.12367181411815,9
1499.397194780955,0,0.3400674698191865,132.00289453966946,17
1534.1702443590405,1,0.2866036845525634,29.05650214666324,8
832.913100610752,0,0.3466237465129929,68.61145104381826,0
1240.99777820678,0,0.3895649020175246,32.999203393812294,12
1428.6402023076205,0,0.1945388268891744,60.69436119569292,17
1927.9111610733837,0,0.5504538651334954,130.76104459071527,14
1552.2532699123617,0,0.4370934744148069,85.39919603626144,1
1594.5283436877594,0,0.4166344586687445,210.34295815748848,10
1241.9133139646806,0,0.149748113090319,89.67031835948585,13
2465.484731568805,1,0.9648830284996728,207.88011833870868,21
1404.8813979797487,0,0.1604803311192461,85.30914597201081,14
769.4560449132148,0,0.1393488375976995,48.109565357003206,13
1901.6849850625956,0,0.3636554478211966,77.10816938112032,15
4024.81308938809,0,0.9310441045396614,318.7426755126504,22
978.4779894357588,1,0.3944051350781116,85.69853340638862,14
960.2535163003784,0,0.1446110840286193,40.32701350582643,18
1348.2877725703809,0,0.3154915314236292,33.74576897606824,8
1431.5923976337924,0,0.187393357522579,57.48990541670783,4
1298.646132815603,0,0.5935500429620583,83.69317172054402,4
1355.6543367214424,0,0.3805751062175871,139.6793267738131,10
2049.9786872881905,0,0.4437184304704337,12.975567931678157,19
1735.7715761174427,0,0.2627091403413039,64.00868610556219,23
1295.317795632512,0,0.147369457389672,87.21550097175394,3
1670.6552903837417,1,0.5879354313917683,-11.685288381471736,19
683.7380482362303,0,0.2431295176915916,38.32008585167968,17
1398.9635249734044,1,0.3119040925867871,46.00557301319069,2
2104.653174866555,0,0.4249319608512875,40.201481307475085,3
1090.977052303813,0,0.1123486488430556,89.59447725108237,13
776.1830356904576,1,0.5051295652586435,71.97201952491012,6
873.9555557034696,0,0.3682890950143102,52.23569486994819,7
655.1834813288058,0,0.239108593534411,101.39813132763176,23
807.6190459361483,0,0.1308039926462346,166.1537358823125,15
1014.7459507049856,0,0.1812492077372207,161.96282583708762,19
497.2164904106789,0,0.5475169294267185,-16.138588603116816,14
1207.8091669748014,0,0.4430121119679455,108.853609191757,6
1651.1385868933237,1,0.2249508608184449,71.09883549680808,16
746.1219099265397,0,0.1328003824725147,87.75776714326781,21
1959.6419618208845,1,0.4453076561933181,60.08584832287257,21
1455.3960442637974,1,0.3862038629838825,85.87943149436012,21
1715.2902928120286,0,0.3022597622291175,87.57036980360094,11
871.0827230739314,0,0.2818057245950319,51.05241213255384,17
1627.2626135333078,1,0.2084071379645541,35.18162260874096,23
654.0330498023435,1,0.4348056282687588,57.56521586902579,13
1645.1237504182543,0,0.5853340138969353,91.71296322283828,14
1285.9196698967655,0,0.1878576229184129,109.9498170842132,14
1476.625609992392,0,0.3985583100077516,122.66744886700732,4
612.2026971875741,0,0.3120925278729881,55.29049884665436,15
752.4650788616976,0,0.3233443608723324,94.19222836513684,4
1498.6141091266925,0,0.2270736400639072,128.1251295976649,1
725.8259978878996,0,0.5125674378307096,138.2797447572064,19
1431.6031460495617,0,0.3426278020736205,77.0583572934239,8
516.4310967698772,0,0.371702926099132,68.95341375301936,21
1624.087106333334,0,0.2523804563986629,89.55621169181961,8
583.7383426157454,0,0.1909042328334748,22.514626355129717,3
1476.1499688397616,0,0.1429551941014102,70.3195244482246,14
1512.8154668230004,0,0.4570595704624579,117.2293199236565,10
851.6140907852125,0,0.1981171408439278,112.09735647218506,0
1491.0132835423635,0,0.4450376770943989,66.48661978180554,17
1330.221131666778,1,0.2951882230234769,90.88591005435832,0
930.5790719036308,0,0.3078874004948257,38.76748298546563,7
695.722657961896,0,0.3345887480463858,115.17460741125124,15
218.6871541637105,0,0.2838542540637716,76.10892819317634,21
1374.8250236498468,1,0.150309988611295,66.20242741519309,17
417.5986143189724,0,0.2548159050014229,61.913808195330674,21
1247.6720997206542,0,0.4318671803469692,76.85530665500708,8
1068.2758919588755,0,0.4328922007344354,57.60611775340208,11
1539.571387719098,0,0.2431121536199972,112.90715180012816,18
1048.977250255068,0,0.3300513132788439,60.23582259919097,17
1035.2761068264542,0,0.1967236140059687,159.64820480136905,4
1565.9353521441478,0,0.2051860407649179,153.26052517406904,1
1367.5290145420588,0,0.1115235442033037,35.422825507274766,6
1358.0779785913892,0,0.5483732749538723,83.48521347146401,9
1434.6337949042631,0,0.2053533325374531,47.46716893319025,14
432.21393839644713,1,0.2137669384682316,63.667621840569424,6
1578.394339993491,0,0.2398007163225659,180.12137338223985,4
1506.2343970068011,1,0.1637040358477145,64.62142914421004,14
691.6584357117514,0,0.4196314415906814,98.01130185387144,19
1077.9597631628994,0,0.1375714765887933,107.06606470041392,19
1180.3463561861845,0,0.1671012131631751,29.96853137583797,14
1132.7516077991336,1,0.4223783632950464,37.24522627953976,9
1366.929983284267,0,0.2698303102407213,19.69888142959406,23
1915.683390915592,0,0.4539739133505945,35.701463305111155,13
1740.8833638364144,0,0.378712372335071,-62.50150546585911,9
543.8904032842969,0,0.2280105865307565,107.2291200396814,16
1511.0349951530245,0,0.425413975244664,182.7096920628035,20
1864.4666597677049,0,0.1581368401464403,87.39103695182635,13
1393.4042603446014,0,0.3682051915400152,9.186557032969633,1
1745.4902125929834,0,0.3185740525225173,47.8611808550026,15
2206.1352228503824,0,0.2339367914087204,57.05615774875015,12
1711.8547730534906,0,0.40200249886975,29.12076113933121,8
1324.6542978208645,0,0.5356667961701412,123.00913191975783,6
1722.5442370423766,0,0.5994523498815384,120.5130022187667,15
1272.4439165484457,0,0.4038813843717123,22.22741030911702,9
1211.9515216424777,0,0.3023529371645851,116.2540522223754,23
1024.2928821431335,1,0.2126035501081008,156.34063317886324,21
1981.7066794160544,1,0.2285480446975558,175.127910261478,8
790.7856670289993,1,0.3397274890748828,223.2606011542981,21
1966.183862339058,0,0.2836388506403546,34.900367527840125,22
1261.864363188771,0,0.9795161990767672,115.27460824186508,6
500.3469125990292,0,0.2841477338278547,62.289680574560585,15
1383.8246464957108,0,0.2867222955727178,50.37672723097428,8
149.98674617418806,0,0.2917672562169885,96.35361874389228,23
1512.754008415518,0,0.518310105183829,50.89693329534938,16
1642.6157414944955,1,0.4253941604234509,99.9522070323263,19
903.8220221739732,1,0.4070844251594463,13.996140613134912,6
1261.773847977791,0,0.267071511191931,68.06236989682829,10
2177.078716875143,0,0.5089520884162198,144.27911171808398,7
947.1266478690316,0,0.1191819306778505,77.1469354284422,6
670.5462064716997,0,0.5353985861690566,87.07978933699414,18
1940.8317012312996,0,0.3563749498969648,103.76293023586558,19
2181.293595265397,0,0.2991251174317064,138.533081465883,11
1201.8478359239236,0,0.3485836403588428,-2.7612356094716546,6
1705.7315177041785,0,0.4337077652669155,109.22620259187174,7
1870.7379577654408,0,0.1063827132589486,66.59304303791184,6
828.757883730808,0,0.5357759282291239,88.33189476559193,5
957.3470823160658,0,0.3233697626556964,132.99750848811885,8
1815.4372565773676,1,0.271483259850039,20.29066742940779,12
2042.5071393542548,0,0.1691227828170285,29.367777927845523,6
1481.4404300871774,0,0.3197326871792211,-16.771497985690317,7
760.0928232489729,0,0.3481613856421894,52.54205291181118,21
2193.5305558497207,0,0.3018233472467388,146.52161721894083,16
934.5145510940176,1,0.4393300469134485,73.97064057632653,16
1032.431109414274,0,0.310448264379613,12.993755217260713,15
1371.1689172448107,0,0.5807087889232867,55.71606277124765,21
1977.080210357387,0,0.3996387589117959,5.606914825468849,1
1626.9879882761118,1,0.5037389678259545,23.740694913441917,7
1407.4327501809553,0,0.1546779515547394,99.44094551318568,16
1431.6442650590532,0,0.2986456464729529,21.30633368469856,12
1221.757334321733,0,0.2684238507235763,135.6317152601651,17
1479.069757259253,0,0.3847411940682959,76.4439854584832,23
-64.78003884715145,0,0.5305567600307128,84.27973519722627,21
1051.696270465101,0,0.1391691088810033,66.0813516196053,9
1320.6609674583906,0,0.1362873990223554,118.64239192718615,1
624.4929581902464,1,0.5251588540787995,119.15799438885054,1
1393.16165890578,0,0.2064250430191787,96.75271759560856,13
1097.764389506939,0,0.4343766272249069,108.2394552953824,15
2077.737849157745,0,0.3714390661804025,69.39551650397871,6
1986.509862607428,0,0.5164467974436148,107.11015034545242,20
967.0972154409186,0,0.1625444549182017,63.10611122630967,20
1124.5811442166523,0,0.1648914828613056,80.1115811081201,23
1163.0262171958036,0,0.3784091801391538,66.26781253168512,11
974.1702619201886,0,0.5731893266791854,57.13907303404021,22
1297.5124920140634,0,0.3074988791853771,45.54441011391049,13
820.8589655562049,0,0.2634710501273475,103.38450519294427,3
634.6923325312368,0,0.4033446615989429,145.53029564067316,3
1511.3556119501343,0,0.5652243002725156,138.55509858347796,17
1514.7647921109055,0,0.5184639164223118,17.171733202728227,2
797.8421201700038,1,0.5977418053666099,144.46015257034367,0
1647.6777153812998,1,0.1112842916011885,64.09207491910355,16
884.2111354173343,0,0.1564290723563811,110.03665075727956,6
1326.5826190189905,0,0.404733881683311,34.68923339763945,15
1610.172006306228,0,0.5102882196669248,87.09899569370026,4
1183.1937176481435,1,0.2426221711533832,95.68615914484536,18
1427.3704560705671,0,0.2196055440171093,5.769760404017362,6
941.785178056214,0,0.4934878996906005,110.41335831720946,13
1101.7667082859514,0,0.1281909269266158,147.29675039191577,1
1097.0702845598298,1,0.2846913237912926,71.2676027159186,2
826.7108267298805,0,0.3529046112961649,148.00840654140063,16
1111.612918442109,0,0.3801743371751617,70.51532532737963,15
425.6908505681266,0,0.4643075783963885,122.47922655233086,7
954.4231264289476,0,0.2774228617153291,-30.92849829755498,17
1057.5622533151643,0,0.4063421723373036,200.9388889656732,14
1071.91012375231,0,0.3926877113954782,154.77291226214786,6
1079.2512770646106,0,0.3738080503268736,65.76872478731606,8
2656.5582203861923,1,0.7461467366202611,207.10192826275804,5
1439.720759043032,0,0.2297245855340381,94.40141841527446,17
